boulevard of broken dreams,60,d
in the end,60,i
seven nation army,60,i
by the way,60,w
how you remind me,60,w
bring me to life,60,i
last resort,60,t
are you gonna be my girl,60,i
mr brightside,60,i
sex on fire,60,i
the middle,60,i
numb,90,m
smooth criminal,60,i
cant stop,60,c
chop suey,60,y
take me out,60,m
i miss you,60,i
best of you,60,y
i write sins not tragedies,60,w
kryptonite,60,i
the kill bury me,60,i
use somebody,60,y
no one knows,60,w
jerk it out,60,i
uprising,90,i
hey there delilah,60,i
blurry,90,y
american idiot,60,i
welcome to the black parade,60,w
gives you hell,60,i
all my life,60,i
like a stone,60,i
its been awhile,60,w
i hate everything about you,60,i
rollin air raid vehicle,60,i
fat lip,90,i
the pretender,60,d
savior,90,i
bodies,90,i
sugar were goin down,60,w
last nite,60,i
through glass,60,h
the diary of jane  single version,60,i
down with the sickness,60,w
wish you were here,60,w
youth of the nation,60,i
vertigo,90,i
miss murder,60,i
i bet you look good on the dancefloor,60,i
steady as she goes,60,y
falling away from me,60,w
crawling in the dark,60,w
i stand alone,60,i
woman,90,w
show me how to live,60,w
the red,90,d
remedy,90,y
plug in baby,60,i
change in the house of flies  in the house of flies lp version,60,i
judith,90,i
mia feat drake,60,i
taki taki with selena gomez ozuna  cardi b,60,w
white boi,60,w
just wanna love you feat j balvin,60,w
beautiful feat camila cabello,60,i
celoso,90,c
good vibes,60,i
real friends,60,i
pa la calle,60,c
pa mí,90,m
wake up in the sky,60,w
está rico,90,i
banana clip  spanish version,60,i
yakwtfgo feat kali uchis,60,w
come with me,60,w
como si na,60,i
blah,90,h
love n hennessy remix feat 2 chainz  nicky jam,60,i
mi infinita,60,i
coqueta,90,c
sola,90,s
nuestro planeta feat reykon,60,y
hijo de su madre,60,i
lento,90,t
dicen,90,i
bebe,90,e
i like it,60,i
zooted feat french montana  farruko,60,d
havana  remix,60,i
pum pum,90,m
quiero saber,60,i
como,90,c
anywhere contigo,60,w
no gratis,60,i
díganle  tainy remix,60,i
sangria wine,60,w
all day,90,y
just as i am,60,i
nice  slow,60,w
scooby doo pa pa remix,60,i
dont werk,60,w
1 2 3 feat jason derulo  de la ghetto,60,d
pa mi with ozuna,60,w
lo siento,60,i
nuestra cancion pt 2 feat arcángel,60,i
la hora loca,60,h
dinero  english version,60,i
pum pum feat kap g  playnskillz,60,i
hora loca,60,h
better with you,60,w
nights like these,60,i
alright,90,i
insecure,90,i
si una vez  if i oncespanglish version,60,i
finesse remix feat cardi b,60,i
belong to u,60,t
sunny daze,60,y
uno más feat pharrell williams miguel wiz khalifa j alvarez remix,60,w
island,90,i
crazy in love,60,i
rock your body,60,y
beautiful girls,60,i
toxic,90,i
michael jackson x mark ronson diamonds are invincible,60,i
yeah,90,y
live your life feat rihanna,60,i
hips dont lie,60,i
hey soul sister,60,i
pumped up kicks,60,i
love never felt so good,60,d
hall of fame,60,h
all of me,60,m
drops of jupiter,60,i
we cant stop,60,w
fighter,90,i
since u been gone,60,i
hey ya  radio mix  club mix,60,i
tik tok,90,i
look at me now,60,w
sexyback,90,y
with you,90,w
breakeven,60,k
i know you want me calle ocho,60,w
bye bye bye,60,y
complicated,60,i
let me love you,60,y
beautiful,60,i
raise your glass,60,i
timber,90,i
what makes you beautiful,60,w
no one,90,e
sk8er boi,60,i
womanizer,60,w
give me everything,60,i
single ladies put a ring on it,60,i
bleeding love,60,i
lose my breath,60,y
love song,60,s
ms jackson,60,c
die young,60,i
survivor,90,i
oopsi did it again,60,i
cry me a river,60,i
get lucky feat pharrell williams  nile rodgers  radio edit,60,w
whatever you like,60,w
one two step,60,w
unwritten,60,w
wrecking ball,60,w
so what,90,w
whenever wherever,60,w
baby boy,90,y
its gonna be me,60,i
my boo,90,y
sex on fire,60,i
stronger what doesnt kill you,60,w
over my head cable car,60,y
for the first time,60,i
girlfriend,60,i
fallin,90,i
use somebody,60,y
how to save a life,60,w
not over you,60,y
before he cheats,60,h
dirrty feat redman,60,i
caught up,60,h
if i aint got you,60,i
wherever you will go,60,w
you found me,60,y
independent women pt 1,60,w
because of you,60,y
get the party started,60,y
the anthem,60,h
i dont want to be,60,w
the way you move feat sleepy brown  club mix,60,w
better in time,60,i
over you,90,y
the great escape,60,h
your body is a wonderland,60,w
superman its not easy,60,i
vivir mi vida,60,i
la vida es un carnaval,60,i
lambada  original version 1989,60,i
la camisa negra,60,i
la gota fría,60,t
suavemente,60,m
bailando  spanish version,60,i
danza kuduro,60,d
conga,90,c
la bilirrubina  en vivo estadio olímpico de república dominicana2012,60,i
guantanamera,60,m
el matador,60,d
amor prohibido,60,i
hips dont lie,60,i
mi gente,90,i
obsesion,90,i
lets get loud,60,d
oye como va,60,y
despacito featuring daddy yankee,60,i
bamboleo,90,m
pedro navaja,60,d
gasolina,90,i
mambo no 5,60,m
de música ligera,60,i
macarena,90,c
la bamba,90,m
querida,90,i
maria maria  radio mix,60,i
la ingrata,60,i
corazón partio,60,i
i know you want me calle ocho,60,w
livin la vida loca,60,i
rebelión,90,i
la maza,90,m
amor eterno,60,m
besame mucho,60,h
mais que nada,60,i
el cantante,60,c
chan chan,60,h
amigo,90,i
the girl from ipanema  stereo version,60,i
oye mi amor,60,i
latinoamérica,60,i
soy un truhán soy un señor,60,y
mediterraneo,60,i
gracias a la vida,60,i
la cumparsita,60,i
paloma negra,60,m
el rey,90,y
feliz navidad,60,i
all along the watchtower,60,w
my generation  stereo version,60,i
i cant get no satisfaction,60,i
hello i love you,60,i
whole lotta love,60,w
hey jude  remastered 2015,60,y
white room,60,w
you really got me  mono mix,60,i
surfin usa  remastered,60,i
oh pretty woman,60,w
back in the ussr  2018 mix,60,i
for what its worth,60,w
fortunate son,60,t
born to be wild  single version,60,w
house of the rising sun,60,i
louie louie,60,i
i heard it through the grapevine  single version mono,60,i
crimson and clover  single version,60,i
evil ways,60,w
purple haze,60,h
california dreamin  single version,60,i
like a rolling stone,60,i
suite judy blue eyes  remastered,60,i
turn turn turn to everything there is a season,60,i
i saw her standing there  remastered 2009,60,w
light my fire,60,i
pinball wizard,60,w
the sounds of silence,60,i
green onions,60,i
sweet caroline  single version,60,w
good lovin  single version,60,i
the twist,60,w
sunshine of your love,60,i
hit the road jack,60,i
proud mary,60,y
dazed and confused,60,d
summertime blues,60,i
i want to hold your hand  remastered 2015,60,w
runaround sue,60,d
all day and all of the night  2014 remastered version,60,i
river deep  mountain high,60,i
summer in the city  remastered,60,i
jumpin jack flash  mono  remastered,60,i
foxey lady,60,y
somebody to love,60,y
time has come today,60,i
heart full of soul,60,h
do you believe in magic,60,i
paint it black  mono,60,i
good vibrations  remastered,60,i
psychotic reaction,60,i
yesterday  remastered 2009,60,y
nights in white satin  single version  mono mix,60,w
space oddity  2015 remastered version,60,i
magic carpet ride,60,i
needles and pins  mono,60,i
the weight  remastered,60,w
bring it on home to me,60,i
bad moon rising,60,i
crying,90,i
revolution  remastered,60,i
shop around,60,d
i fought the law,60,w
the times they are achangin,60,i
honky tonk women,60,w
the end  remastered,60,d
she loves you  mono  remastered,60,y
heartbreaker,60,h
brown eyed girl,60,w
gimme shelter,60,i
touch me,90,h
surf city  remastered 1990  stereo remix,60,i
white rabbit,60,w
green river,60,i
i get around mono  mono,60,i
mr tambourine man,60,i
with a little help from my friends  remastered 2009,60,w
hush  2014 remastered version,60,i
for your love,60,y
street fighting man,60,i
blowin in the wind,60,w
in my room  remastered,60,i
im a man,90,i
gloria  stereo version,60,i
itchycoo park,60,i
wild thing,60,w
care of cell 44,60,c
see emily play  2016 remastered version,60,i
alone again or  2015 remastered version,60,i
psychotic reaction  rarities version,60,i
slip inside this house  stereo lp version,60,i
i had too much to dream last night,60,i
96 tears,90,t
have love will travel,60,w
kick out the jams,60,i
i hate you,60,i
i wanna be your dog,60,w
im waiting for the man  album version stereo,60,w
eight miles high,60,i
wipe out,90,w
more than words,60,w
free fallin,60,i
landslide,60,i
lean on me,60,m
hotel california  remastered,60,i
fast car,90,c
youre so vain,60,i
dust in the wind,60,w
ooh la la,60,h
youve got a friend,60,i
redemption song,60,i
crazy love,60,y
im on fire,60,i
heart of gold,60,d
wildflowers  remastered,60,w
rocket man i think its going to be a long long time,60,i
in the air tonight  2015 remastered,60,i
wicked game  remastered,60,w
hallelujah,60,h
my sweet lord,60,w
a horse with no name,60,w
jolene,90,e
let it be  remastered 2009,60,i
maggie may,60,i
me and julio down by the schoolyard,60,w
where you lead,60,w
me and bobby mcgee,60,y
if you could read my mind,60,i
pink moon,60,i
walkin back to georgia,60,w
going to california,60,i
my my hey hey out of the blue,60,y
i walk the line,60,w
across the universe  remastered 2009,60,i
wild world,60,w
california,60,i
dreams sessions roughs  outtakes  2004 remastered edition,60,i
tangled up in blue,60,i
imagine  remastered 2010,60,i
maybe i’m amazed  remastered 2011,60,i
toms diner,60,i
easy,90,y
up where we belong,60,w
life on mars  2015 remastered version,60,i
personal jesus  acoustic version,60,i
wuthering heights,60,w
stuck in the middle with you  remastered,60,w
just the two of us feat bill withers,60,w
you make me feel like a natural woman,60,w
cecilia,90,i
our house,60,h
and it stoned me,60,i
famous blue raincoat,60,i
all things must pass,60,i
stand by me  remastered,60,y
baby i love your way,60,w
solsbury hill,60,i
boulder to birmingham  remastered,60,i
something on your mind,60,i
youre the inspiration  2006 remastered version,60,i
ripple,90,i
you are so beautiful,60,i
blue bayou,60,y
bohemian rhapsody  remastered 2011,60,i
stairway to heaven,60,w
hotel california  remastered,60,i
london calling  remastered,60,i
riders on the storm,60,i
rock and roll all nite,60,i
who are you,60,w
changes  2015 remastered version,60,i
wholl stop the rain,60,w
me and bobby mcgee,60,y
wild horses,60,w
imagine  remastered 2010,60,i
let it be  remastered 2009,60,i
dream on,90,d
roxanne  remastered 2003,60,d
highway to hell,60,w
bang a gong get it on  remastered version,60,i
smoke on the water,60,w
black magic woman,60,w
message in a bottle  remastered 2003,60,i
free bird,60,i
cocaine,90,i
lola  coca cola version,60,i
black dog,60,d
blitzkrieg bop  2016 remastered version,60,i
i want you to want me,60,w
black diamond,60,i
blinded by the light,60,i
american girl,60,i
brain damage,60,i
comfortably numb,60,y
born to run,60,t
layla  40th anniversary version  2010 remastered,60,i
just what i needed,60,w
anarchy in the uk,60,i
american pie,60,i
aqualung,90,u
wont get fooled again  original album version,60,w
iron man  remastered version,60,i
the boys are back in town,60,w
walk this way,60,w
maggie may  remastered version,60,i
the joker,60,h
we will rock you  remastered,60,w
walk on the wild side,60,w
brown sugar,60,w
american woman  remastered,60,w
dont fear the reaper,60,d
heart of gold,60,d
running on empty,60,i
sultans of swing,60,w
rocket man i think its going to be a long long time,60,i
dreams  2004 remastered edition,60,i
we are the champions  remastered 2011,60,w
you aint seen nothing yet,60,i
another brick in the wall pt 1,60,w
roundabout  remastered version,60,i
ramblin man,60,i
fire and rain,60,i
my sweet lord,60,w
baba oriley,60,i
heart of glass  special mix,60,i
my sharona,60,y
bennie and the jets  remastered 2014,60,i
baby hold on,60,y
tangled up in blue,60,i
runnin with the devil  2015 remastered version,60,w
2112 overture  the temples of syrinx  discovery  presentation  oracle  soliloquy  grand finale  medley,60,i
all the young dudes,60,y
all right now,60,w
backstreets,60,c
barracuda,60,d
ballroom blitz,60,i
black betty,60,y
beast of burden  remastered,60,d
band on the run  remastered 2010,60,d
breakdown,60,w
carry on wayward son,60,w
cat scratch fever,60,h
bridge over troubled water,60,w
caravan,90,c
cant get enough  remastered version,60,i
cheap sunglasses,60,h
china grove,60,i
foreplay  long time,60,i
come sail away,60,w
give a little bit,60,i
doctor my eyes,60,y
feel like makin love  2015 remastered version,60,i
do you feel like we do,60,w
la woman,90,w
the lamb lies down on broadway platinum collection version,60,w
knockin on heavens door  remastered,60,i
deacon blues,60,d
life in the fast lane  remastered,60,i
lifes been good,60,i
locomotive breath,60,i
like a hurricane,60,i
livin thing,60,i
paradise by the dashboard light,60,i
paradise city,60,i
panama  2015 remastered version,60,i
rock you like a hurricane,60,i
dr feelgood,60,d
pour some sugar on me  remastered 2017,60,d
still of the night  2017 remastered version,60,i
crazy train  remastered,60,i
you give love a bad name,60,i
seventeen,60,t
nobodys fool,60,y
rainbow in the dark,60,w
lay it down,60,w
bad medicine,60,i
metal health bang your head,60,y
the final countdown,60,w
home sweet home,60,w
no one like you,60,i
close my eyes forever,60,y
welcome to the jungle,60,w
every rose has its thorn  remastered 2003,60,i
is this love  2017 remastered version,60,i
lick it up,60,i
once bitten twice shy,60,w
wanted dead or alive,60,w
dont know what you got till its gone,60,w
youre in love,60,i
girls girls girls,60,i
here i go again 87  2007 remastered version,60,i
livin on a prayer,60,i
sweet child o mine,60,w
cum on feel the noize,60,i
jump,90,m
rock the night,60,i
talk dirty to me  2006  remaster,60,i
working for the weekend,60,w
holy diver,60,i
kickstart my heart,60,i
round and round,60,d
were not gonna take it,60,w
cherry pie,60,i
summertime girls  studio version,60,i
18 and life,60,i
heavens on fire,60,i
dude looks like a lady,60,i
gypsy road,60,y
alone again,60,i
poison,90,i
addicted to that rush,60,i
inside out,60,i
i wanna be somebody,60,w
wait,90,w
over the mountain,60,i
wild frontier  remastered 2002,60,w
armed and ready  2008 remastered version,60,i
i surrender,60,i
edge of a broken heart,60,d
i dont believe in love  remastered 2003,60,i
i hate myself for loving you,60,i
eye of the tiger,60,i
kiss me deadly,60,i
i remember you,60,i
wild side,60,w
heaven,90,h
fallen angel  remastered,60,d
shout at the devil,60,i
runaway,90,w
shake me,90,h
modern day cowboy,60,w
why cant this be love,60,w
up all night,60,i
high enough,60,i
rock and roll all nite,60,i
living after midnight,60,i
wild child,60,w
unskinny bop  2006  remaster,60,i
bark at the moon,60,h
in my dreams rerecorded  remastered,60,i
sister christian,60,i
love song,60,s
aint talkin bout love  2015 remastered version,60,i
ace of spades,60,d
dont close your eyes,60,y
detroit rock city,60,i
hot for teacher  2015 remastered version,60,i
dont treat me bad,60,d
dont stop believin,60,i
house of pain,60,i
sharp dressed man  2008 remastered version,60,i
paranoid  remastered version,60,i
you shook me all night long,60,i
i was made for lovin you,60,w
breaking the chains,60,i
uncle toms cabin,60,i
mama im coming home,60,i
runnin with the devil  2015 remastered version,60,w
just like paradise,60,i
since you been gone,60,i
cryin,90,i
barracuda,60,d
wind of change,60,w
every breath you take,60,y
all out of love,60,t
hard to say im sorry  2007 remastered version,60,i
woman  2010  remaster,60,w
foolish beat,60,i
have i told you lately,60,i
cant fight this feeling,60,i
every woman in the world  digitally remastered 1999,60,w
tonight i celebrate my love,60,i
endless love  endless lovesoundtrack version,60,i
when i see you smile,60,w
drive  remastered,60,i
weve got tonight,60,w
lovers moon,60,m
ill be loving you forever,60,i
arthurs theme best that you can do  remastered version,60,i
nothings gonna change my love for you,60,i
open arms,60,m
the one that you love,60,y
true,90,t
the flame,60,h
nothings gonna stop us now,60,w
say you say me,60,y
straight from the heart,60,i
take on me,60,m
waiting for a girl like you,60,w
careless whisper,60,w
woman in love,60,w
do you remember  2016 remastered,60,y
listen to your heart,60,i
heaven,90,h
glory of love,60,y
take my breath away  love theme from top gun,60,w
it might be you theme from tootsie,60,i
the lady in red,60,i
time after time,60,i
against all odds take a look at me now  2016 remastered,60,w
every time you go away,60,w
i want to know what love is  remastered,60,w
faithfully,60,i
total eclipse of the heart,60,i
with or without you  remastered,60,w
alone,90,e
youre the inspiration  2006 remastered version,60,i
right here waiting,60,w
if you dont know me by now  2008 remastered version,60,w
baby can i hold you,60,i
eternal flame,60,m
i just died in your arms,60,i
how am i supposed to live without you,60,w
welcome to the jungle,60,w
you shook me all night long,60,i
pour some sugar on me  remastered 2017,60,d
jump  2015 remastered version,60,i
another one bites the dust  remastered 2011,60,i
livin on a prayer,60,i
should i stay or should i go  remastered,60,i
dancing with myself,60,w
every breath you take  remastered 2003,60,y
lets dance  1999 remastered version,60,i
free fallin,60,i
with or without you  remastered,60,w
need you tonight,60,i
any way you want it,60,w
i was made for lovin you,60,w
dude looks like a lady,60,i
when doves cry,60,w
born in the usa,60,i
rock you like a hurricane,60,i
every rose has its thorn  remastered 2003,60,i
girls girls girls,60,i
here i go again 87  2007 remastered version,60,i
walk this way,60,w
sweet child o mine,60,w
were not gonna take it,60,w
poison,90,i
i hate myself for loving you,60,i
unskinny bop  2006  remaster,60,i
barracuda,60,d
i ran,90,i
once in a lifetime  2005 remastered version,60,i
personal jesus  original seven inch version,60,i
desire,90,i
how soon is now  2011 remastered version,60,w
just like heaven  2006 remastered version,60,i
billie jean,60,i
bad medicine,60,i
where the streets have no name  remastered,60,w
panama  2015 remastered version,60,i
stand  remastered,60,d
jane says,60,y
hungry like the wolf  2009 remastered version,60,w
18 and life,60,i
the safety dance,60,y
west end girls  2001 remastered version,60,w
eye of the tiger,60,i
you spin me round like a record,60,i
shout,90,h
tainted love,60,i
dr feelgood,60,d
summer of 69,60,m
one,90,e
money for nothing,60,i
jessies girl,60,i
come on eileen,60,i
fight for your right,60,i
love will tear us apart  2010 remastered version,60,w
runaway,90,w
faith  remastered,60,i
working for the weekend,60,w
everybody wants to rule the world,60,w
take on me,60,m
relax,90,e
blue monday  2016 remastered version,60,i
dont you forget about me,60,y
dont stop believin,60,i
the boys of summer,60,y
addicted to love,60,i
i still havent found what im looking for  remastered 2007,60,w
mountain song,60,i
cum on feel the noize,60,i
call me,90,c
cherry pie,60,i
walk this way,60,w
crazy train  remastered,60,i
ace of spades,60,d
run to the hills  1998 remastered version,60,i
real wild child wild one,60,w
rebel yell,60,y
pride in the name of love,60,i
she sells sanctuary,60,y
the final countdown,60,w
personal jesus  single version,60,i
the killing moon,60,i
dont change,60,d
boys dont cry,60,y
rock the casbah  remastered,60,d
debaser,90,d
whip it,90,w
love buzz,60,u
its the end of the world as we know it and i feel fine,60,w
teen age riot album version,60,i
sunday bloody sunday  remastered 2008,60,y
video killed the radio star,60,i
waiting room,60,w
dont want to know if you are lonely,60,w
epic,90,i
new sensation,60,w
brass in pocket  2006 remastered version,60,i
pictures of you  remastered,60,i
africa,90,i
should i stay or should i go  remastered,60,i
billie jean,60,i
sweet dreams are made of this  remastered,60,w
dont stop believin,60,i
time after time,60,i
every breath you take,60,y
you make my dreams,60,y
i wanna dance with somebody who loves me,60,w
80s baby  feat saltnpepa naughty by nature tiffany debbie gibson,60,i
michael jackson x mark ronson diamonds are invincible,60,i
careless whisper,60,w
i love rock n roll,60,i
whip it,90,w
beat it  single version,60,i
uptown girl,60,w
footloose,60,t
im so excited,60,i
freeway of love  single mix,60,w
you got it the right stuff,60,i
hungry heart,60,y
down under,60,w
9 to 5,90,t
rosanna,90,s
wake me up before you gogo  remastered,60,w
maneater,90,m
take on me,60,m
in your eyes,60,i
never gonna give you up,60,i
your love,60,y
dancing in the dark,60,i
99 luftballons,60,t
girls just want to have fun,60,w
thunderstruck,60,d
rock you like a hurricane,60,i
danger zone,60,d
faith  remastered,60,i
i ran,90,i
you can call me al,60,y
we built this city,60,w
what i like about you,60,w
somebodys watching me  single version,60,w
nothings gonna stop us now,60,w
how will i know,60,w
caribbean queen no more love on the run,60,i
ive had the time of my life,60,i
youre the inspiration  2006 remastered version,60,i
walk this way feat aerosmith,60,w
the final countdown,60,w
break my stride,60,i
who can it be now,60,w
kiss,90,i
beds are burning  remastered,60,i
jessies girl,60,i
we belong  single version,60,w
you shook me all night long,60,i
lets hear it for the boy,60,i
keep on loving you  remastered,60,i
take my breath away  love theme from top gun,60,w
its still rock and roll to me,60,i
hold me now,60,w
everyday people,60,y
cum on feel the noize,60,i
talking in your sleep,60,i
jump for my love,60,y
working for the weekend,60,w
faithfully,60,i
rock the casbah  remastered,60,d
cant fight this feeling,60,i
oh sherrie,60,i
im on fire,60,i
i want candy,60,w
ghostbusters  from ghostbusters,60,h
take me home tonight,60,i
you got it,60,i
im alright theme from caddyshack,60,i
shake your body down to the ground  single edit,60,w
walk like an egyptian,60,w
total eclipse of the heart,60,i
you spin me round like a record,60,i
hypnotize feat pam long  2016 remastered,60,i
california love  original version,60,i
dont believe the hype,60,i
flava in ya ear feat the notorious big ll cool j busta rhymes  rampage  2016 remastered,60,i
the rain supa dupa fly,60,i
the world is yours,60,w
hip hop hooray,60,i
keep their heads ringin,60,i
juicy  2016 remastered,60,i
gangstas paradise,60,i
gin and juice feat dat nigga daz,60,i
crush on you,60,y
the humpty dance,60,y
cause i can do it right,60,i
jump around,60,d
put your hands where my eyes could see,60,w
its all about the benjamins feat the notorious big lil kim  the lox  remix,60,i
sexy mf,90,y
rump shaker,60,h
hail mary,60,i
i got 5 on it,60,i
who am i whats my name,60,w
unity,90,i
mama said knock you out,60,i
mind playing tricks on me,60,i
i get around,60,i
big poppa,60,i
shook ones pt ii,60,i
runnin,90,i
ny state of mind,60,i
bring da ruckus,60,i
oh my god,60,y
informer,90,i
killing me softly with his song,60,w
love like this  2016 remaster,60,i
feel so good  2016 remastered,60,d
insane in the brain,60,i
baby got back,60,y
sabotage,90,t
opp,90,p
fight the power,60,w
poison,90,i
u cant touch this,60,i
tennessee  remastered,60,d
around the way girl,60,w
cant you see feat the notorious big  2016 remastered,60,i
get ur freak on,60,k
can i kick it,60,i
anywhere  2016 remastered,60,w
very special  feat spinderella laree williams and karen anderson,60,w
woo hah got you all in check,60,w
return of the mack,60,h
just a friend,60,i
shimmy shimmy ya,60,i
money aint a thang,60,i
got your money feat kelis,60,i
knockin boots,60,i
gettin jiggy wit it,60,w
gone till november,60,i
rebirth of slick cool like dat,60,i
no scrubs,60,c
doo wop that thing,60,w
summertime  single edit,60,i
ghetto supastar that is what you are,60,w
jump,90,m
no diggity,60,i
still not a player feat joe,60,i
i wish  radio edit,60,w
regulate,90,t
now that we found love,60,w
ill be there for youyoure all i need to get by,60,i
it was a good day,60,w
funkdafied,60,i
on  on,90,n
murder was the case death after visualizing eternity feat dat nigga daz,60,w
under the bridge,60,i
drive,90,i
torn  acoustic mtv unplugged,60,i
wonderwall,60,w
give me one reason,60,i
high and dry,60,i
sunny came home,60,y
fade into you,60,i
hallelujah,60,h
bitter sweet symphony,60,w
meet virginia,60,i
hows it going to be,60,w
iris,90,i
mr jones,90,m
good riddance time of your life,60,i
you were meant for me,60,w
fake plastic trees,60,i
zombie  acoustic version,60,i
dont speak,60,d
save tonight,60,i
glycerine  acoustic,60,i
the freshmen,60,h
loser,90,s
1979,90,9
losing my religion,60,i
push,90,h
when i come around,60,w
what its like,60,w
plush  acoustic,60,i
everlong  acoustic version,60,i
name,90,m
a long december,60,d
kiss from a rose  acoustic version,60,i
more than words,60,w
head over feet  liveunplugged version,60,i
all the small things,60,i
black hole sun,60,h
slide,90,i
crash into me,60,i
santeria,90,i
waterfalls,60,w
no diggity,60,i
i dont want to miss a thing,60,w
shes so high,60,i
when you say nothing at all,60,w
i dont want to wait  remastered version,60,w
sex  candy,60,y
where is my mind,60,w
lovefool  radio edit,60,i
kind  generous,60,i
karma police,60,i
alive,90,i
stellar  acoustic,60,i
kryptonite,60,i
all for you,60,y
motorcycle drive by,60,i
all apologies,60,i
foolish games,60,i
where have all the cowboys gone   remastered version,60,w
because the night mtv unplugged version,60,i
both hands,60,d
save me,90,m
you learn  liveunplugged version,60,i
three marlenas,60,h
the times they are achangin  live at sony music studios new york ny  november 1994,60,w
sweet child o mine,60,w
breathe  remastered version,60,i
she talks to angels  acoustic bonus version,60,i
cowboy take me away,60,w
california stars,60,i
annabelle,60,e
in the aeroplane over the sea,60,i
semicharmed life,60,i
mr jones,90,m
two princes,60,w
closing time,60,i
save tonight,60,i
push,90,h
one headlight,60,i
hey jealousy,60,y
im gonna be 500 miles,60,i
good,90,d
if you could only see,60,i
you get what you give,60,w
lump,90,m
someday  remastered,60,y
all i want,60,w
flagpole sitta,60,i
laid,90,i
selling the drama,60,i
my own worst enemy,60,w
in the meantime,60,i
barely breathing,60,i
the way,90,w
everything you want,60,w
dyslexic heart,60,i
whats my age again,60,w
no rain,90,i
virtual insanity  remastered,60,i
got you where i want you,60,w
high,90,i
whos gonna ride your wild horses,60,w
whats up,90,w
shimmer  single version,60,i
how bizarre,60,w
shes so high,60,i
runaway train,60,w
alright,90,i
bitter sweet symphony,60,w
dont speak,60,d
right here right now,60,w
crazy for this girl,60,i
one week,90,w
sex  candy,60,y
send me on my way,60,w
feed the tree,60,d
why im here,60,w
beautiful girl,60,i
that was a crazy game of poker,60,w
losing my religion,60,i
unbelievable,60,i
little black backpack  remastered,60,i
teenage dirtbag,60,i
come out and play,60,y
all star,90,t
absolutely story of a girl  radio mix,60,i
roll to me,60,m
hey leonardo she likes me for me,60,i
inside out,60,i
blister in the sun  2002 remastered version,60,i
cannonball,60,c
iris,90,i
into your arms,60,i
mmm mmm mmm mmm,60,m
santa monica,60,i
its the end of the world as we know it and i feel fine,60,w
shine,90,i
runaround,60,d
lullaby,90,y
you dont know how it feels,60,w
all for you,60,y
linger,90,i
ironic,90,i
breakfast at tiffanys,60,i
crash into me,60,i
counting blue cars tell me your thoughts on god,60,i
one man army,60,y
lovefool  radio edit,60,i
stupid girl,60,i
the freshmen,60,h
glycerine,60,i
the distance,60,i
the impression that i get,60,i
far behind,60,i
buddy holly,60,y
what i got,60,w
wonderwall  remastered,60,w
kiss me,90,i
closer to fine,60,i
life is a highway,60,w
fade into you,60,i
new age girl,60,w
friday im in love,60,i
high and dry,60,i
loser,90,s
she dont use jelly,60,y
everything about you,60,i
everything falls apart,60,i
freak of the week,60,w
better days and the bottom drops out,60,y
standing outside a broken phone booth with money in my hand,60,w
bound for the floor,60,d
smells like teen spirit,60,i
wonderwall  remastered,60,w
basket case,60,c
zombie,90,i
are you gonna go my way,60,w
all star,90,t
come as you are,60,y
self esteem,60,m
losing my religion,60,i
under the bridge,60,i
song 2  2012 remastered version,60,i
bitter sweet symphony,60,w
creep,90,c
nothing else matters,60,i
the kids arent alright,60,i
all the small things,60,i
dont speak,60,d
killing in the name,60,i
closing time,60,i
loser,90,s
dont look back in anger  remastered,60,i
everlong,90,e
1979  remastered 2012,60,d
drive,90,i
november rain,60,i
santeria,90,i
black hole sun,60,h
no rain,90,i
alive,90,i
semicharmed life,60,i
hallelujah,60,h
alright,90,i
say it aint so,60,i
sabotage,90,t
bullet with butterfly wings,60,w
interstate love song,60,i
every you every me,60,y
lump,90,m
glycerine  remastered,60,i
epic,90,i
celebrity skin,60,i
closer,90,c
the distance,60,i
stupid girl,60,i
hedonism  just because you feel good,60,i
would,90,w
hunger strike  25th anniversary mix,60,i
tomorrow  remastered,60,w
cannonball,60,c
popular,90,u
9 to 5,90,t
all i am,90,i
save tonight,60,i
heart to love,60,h
everywhere,60,w
guiding light,60,i
in the morning,60,i
breathin,90,i
im yours,90,i
send my love to your new lover,60,w
fake friends,60,i
down under,60,w
love someone,60,m
let you love me,60,y
superstition  single version,60,i
head held high,60,i
are you ready for love  79 version radio edit,60,i
the way i am,60,w
breakfast at tiffanys,60,i
out of our heads,60,d
drift away  single version,60,w
you make my dreams,60,y
shotgun,90,h
who knew,90,w
how can i forget,60,w
our house,60,h
love you anymore,60,y
keeping your head up,60,i
four leaf clover  edit,60,i
22,90,2
back again,60,i
all this love,60,i
lifegoeson,60,i
thursday,90,y
the way it is,60,w
little bit of lovin,60,i
i want you back,60,w
hand in my pocket  2015 remastered,60,i
glow,90,w
three little birds,60,i
light on,90,i
cut loose,60,c
break my stride,60,i
after all,60,t
september,60,m
keep on walking,60,w
loyal,90,y
you to me are everything,60,i
big love,90,i
long train runnin,60,i
run to me,60,m
dreams,90,d
want you,90,w
waiting on the world to change,60,w
a lifetime to repair  edit,60,i
everyday is a winding road,60,w
coming back to you,60,i
last call,60,c
payphone,90,y
love wins,60,w
never forget you,60,y
cant move on,60,c
kiss me,90,i
easy,90,y
dance,90,d
everybodys changing,60,i
on my own,60,w
never know,60,w
how long will this last  single mix,60,w
make you smile,60,i
smile,90,i
woman of the world,60,w
love is you,60,i
rock the boat,60,h
polaroid,90,i
if you wanna love somebody  single version,60,w
sidestep,90,i
perfect,90,c
do you wanna party,60,w
moves feat snoop dogg,60,d
zeze feat travis scott  offset,60,i
6 figures,60,i
pass out feat 21 savage,60,t
never recover lil baby  gunna drake,60,i
reel it in,60,i
best years,60,y
mo bamba,90,m
killshot,90,i
blessings,60,i
mona lisa feat kendrick lamar,60,i
i love it  lil pump,60,i
falling down,60,w
iconic ft jaden smith,60,i
flip the switch feat drake,60,w
transformer feat nicki minaj,60,i
dip,90,i
stoopid,90,i
yosemite,90,i
showoff,90,w
if im lyin im flyin,60,i
no stylist,60,i
noticed,90,i
wake up in the sky,60,w
let it fly feat travis scott,60,i
leave me alone,60,m
bandit,90,i
drip too hard,60,i
multi millionaire feat lil uzi vert,60,i
praise the lord da shine,60,i
backin it up feat cardi b,60,i
high feat elton john,60,i
sicko mode,60,i
lucky you feat joyner lucas,60,y
praise,90,i
barbie dreams,60,i
new patek,60,w
can’t take a joke,60,c
goku,90,k
no time,90,i
fefe feat nicki minaj  murda beatz,60,i
kick feat 6ix9ine,60,i
151 rum,90,m
dedicate,90,i
the code,90,d
neighbor feat travis scott,60,i
no sofas,90,s
runner,90,u
not alike feat royce da 59,60,i
caution,90,i
fuego,90,u
y cómo es él,60,y
el triste,60,i
besame mucho,60,h
no me platiques mas,60,i
payaso,90,y
la gata bajo la lluvia,60,i
el día que me quieras,60,i
abrázame muy fuerte,60,y
gracias a la vida,60,i
inocente pobre amiga,60,i
de niña a mujer,60,i
grande grande grande,60,d
escándalo,90,d
¿quieres ser mi amante,60,i
secreto de amor,60,d
porque yo te amo,60,y
cien años,90,i
nuestro juramento,60,m
el loco,90,c
sabor a mí,60,m
si tu no bailas conmigo,60,i
el gato que está triste y azul  un gato nel blu,60,i
beso a beso dulcemente,60,d
asi fue,90,i
volver a los diecisiete,60,i
olvídame y pega la vuelta,60,y
me dediqué a perderte,60,i
sin ti,90,i
el reloj,90,e
rondando tu esquina,60,i
historia de un amor,60,i
te odio y te quiero,60,i
dueño de nada,60,d
mujeres divinas,60,i
bachata rosa,60,h
alicia adorada,60,i
por debajo de la mesa,60,d
mi gran noche,60,i
amigo,90,i
vivir así es morir de amor,60,i
procuro olvidarte,60,i
corazón mágico,60,i
eres tú,90,t
detalles detalhes,60,d
chan chan,60,h
la media vuelta,60,i
la maza,90,m
¿dónde estabas tú,60,d
amor eterno,60,m
no sé tú,90,t
me olvide de vivir,60,i
bella señora,60,s
con los pies sobre la tierra,60,i
mediterraneo,60,i
my way,90,w
me llamas,60,m
quizas quizas quizas,60,i
reminiscencias,60,i
jurame,90,m
bruca manigua,60,i
el amar y el querer,60,y
insoportablemente bella,60,i
dos gardenias,60,i
la barca,90,c
guajira guantanamera,60,i
que bueno baila usted,60,i
sombras  versión trío,60,i
nada personal,60,d
fallaste corazon,60,c
contigo aprendí,60,i
el noa noa,60,e
solamente una vez,60,m
hasta que te conocí,60,h
cuando vuelva a tu lado,60,d
me gustas,60,m
azucar azucar,60,c
contigo en la distancia,60,i
media vuelta,60,i
las mañanitas,60,i
noche de ronda,60,d
querida,90,i
eso y mas,60,y
stay with me  live from spotify berlin,60,w
candle in the wind  2018 version,60,w
blank spacestand by me  live from spotify london,60,i
can’t help falling in love,60,i
come as you are,60,y
every breath you take feat liza anne,60,i
summertime sadness acoustic cover feat keelan donovan,60,i
stolen dance,60,d
free fallin  live at the nokia theatre los angeles ca  december 2007,60,i
i was made for loving you  please dont say you love me,60,w
little talks,60,i
rather be,60,h
fast car feat tall heights,60,i
halo,90,h
send my love to your new lover  live,60,w
im not the only one sam smith cover  live from spotify london,60,i
crazy  radio 1 live lounge session,60,i
cherry wine,60,w
drag me downas long as you love me,60,w
wildflowers,60,w
dont you want me,60,w
set fire to the rain,60,i
jolene  live,60,i
homedirty paws,60,w
better together,60,h
riptide,90,i
we cant stop feat bea miller,60,w
time after time,60,i
perfect places  live from bbc radio 2,60,i
k,100,k
billie jean,60,i
see you again love me like you do sugar  acoustic mashup,60,i
crazy in love,60,i
california,60,i
eventually,60,y
when doves cry  recorded at spotify studios nyc,60,w
sorry,90,y
i believe in a thing called love,60,i
my love  hotline bling,60,i
i like me better,60,i
chains,90,i
love will tear us apart,60,w
titanium,90,i
ordinary world,60,w
chandelier,60,i
let it go,60,i
dancing in the dark,60,i
linger,90,i
what i am  recorded at spotify studios nyc,60,w
still got time  theres nothing holdin me back,60,i
i cant make you love me,60,i
xo,90,o
despacito,60,i
wrecking ball,60,w
black beatles  acoustic,60,i
hello,90,h
seven nation army,60,i
strangers,60,t
u remind me  recorded at spotify studios nyc,60,i
september  recorded at the tracking room nashville,60,i
let me love you  recorded at spotify studios nyc,60,i
love yourself out of the woods roses  acoustic mashup,60,w
american oxygen,60,i
boom clap,60,c
sex on fire,60,i
mr brightside,60,i
stitches,90,i
teenage dirtbag,60,i
cant stop the feeling  this is what you came for,60,w
7 years,90,y
cold water,60,w
i took a pill in ibiza youth acoustic mashup feat taylor leigh,60,i
fix you,90,i
want to want me  acoustic cover,60,w
wicked game  live at killkenny arts festival ireland2011,60,w
city of stars,60,i
take me to church acoustic cover feat matt wright,60,w
ho hey,90,y
hey ya  solo version,60,i
maps,90,m
fancy,90,y
girls just wanna have fun  acoustic,60,w
what do you mean  where are ü now acoustic mashup feat kaya may,60,w
stayin out all nighthabits acoustic mashup,60,i
why georgia rawsession in the style of john mayer  single,60,w
this must be the place naive melody by talking heads,60,i
sign of the times acoustic cover  acoustic,60,i
pompeii,90,i
taylor swift 1989 medley,60,w
shake it off,60,i
hide away  acoustic version,60,w
wild world  acoustic version,60,w
steal my girl,60,i
i kissed a girl,60,i
out of the woods acoustic feat jake coco,60,w
dancing in the moonlight its caught me in its spotlight  recorded at spotify studios nyc,60,i
hows it going to be,60,w
sweet child o mine,60,w
palace  cover,60,c
stand by me  recorded at rak studios london,60,i
perfect duet ed sheeran  beyoncé,60,y
shallow,90,w
ophelia,90,i
can’t help falling in love,60,i
beyond,90,y
latch  acoustic,60,i
shrike,90,i
big jet plane,60,i
when you love someone  acoustic,60,w
slow dancing in a burning room  acoustic,60,w
georgia,90,i
send my love to your new lover,60,w
wild love  acoustic,60,w
foreign hands,60,i
smoke filled room  acoustic session,60,i
wild horses  acoustic,60,w
september song  guitar acoustic,60,i
lost on you,60,y
hold my girl,60,i
castle on the hill  acoustic,60,i
after rain,60,i
such a simple thing,60,i
you sigh,90,i
chemicals  acoustic,60,i
morning breeze,60,i
happier  acoustic,60,i
melt acoustic version,60,i
my arms were always around you,60,w
lay it on me  acoustic,60,i
little boy,60,i
never in my wildest dreams,60,w
new rules  acoustic,60,w
hate u love u,60,h
dream  acoustic,60,i
only love,60,y
take me to church  live from spotify london,60,i
for now,90,w
cherry wine  live,60,w
honest,90,h
honey,90,y
the woods  acoustic,60,w
waves  acoustic,60,w
tee shirt,60,i
hell or high water,60,w
paper thin  live from studio,60,i
moving mountains,60,i
another way,60,w
concrete jungle  acoustic,60,i
wheres my love,60,w
adore  piano unplugged,60,i
hollow acoustic,60,w
jungle,90,u
elastic heart  live from the village,60,i
most girls  acoustic,60,i
sleep on the floor,60,h
little light  acoustic version,60,i
i will spend my whole life loving you,60,w
best days  acoustic,60,i
love on the weekend,60,w
acoustic,90,i
catie rae,60,i
issues  acoustic,60,i
shape of you  acoustic,60,i
all i want,60,w
boston,90,t
girl crush  recorded at metropolis studios london,60,i
save my life  radio edit,60,i
no place in mind,60,i
tell me  acoustic,60,i
let it go  james bay spotify session 2015,60,i
cringe  stripped,60,i
cant see straight  acoustic,60,i
young blood  acoustic,60,i
better,90,t
dont be a fool  mtv unplugged,60,d
the other stripped,60,i
love me like im gone,60,i
call you home,60,y
anaheim,90,i
for me for her for you,60,y
yellow bird,60,w
make me cry  acoustic version,60,i
louise,90,i
magnetised  acoustic,60,i
california numb  acoustic,60,i
ghost  live from spotify nyc,60,i
on the run,60,h
rather be with you  acoustic,60,w
this town,60,w
falling,90,i
rusty,90,y
fourfiveseconds,60,i
ol sweet day,60,w
miles away,60,w
burning house,60,i
love and happiness,60,i
reasons  acoustic,60,i
life is confusing,60,i
already gone  acoustic,60,i
before you,60,y
riptide,90,i
take me to church,60,h
ho hey,90,y
the a team,60,h
let her go,60,h
budapest,90,d
how to save a life,60,w
fourfiveseconds,60,i
under the bridge,60,i
photograph,60,h
halo,90,h
crazy,90,y
only love,60,y
rude acoustic,60,i
chasing cars,60,i
im yours,90,i
lover of the light,60,i
if i were a boy,60,w
breakeven,60,k
shine,90,i
bleeding love,60,i
little talks,60,i
drive,90,i
home,90,h
snow hey oh,60,w
yellow,90,w
wake me up when september ends,60,w
dog days are over  mtv unplugged 2012,60,y
shape of you  acoustic,60,i
no one  acoustic,60,i
let it go  james bay spotify session 2015,60,i
i dont want to be  stripped version,60,w
slow dancing in a burning room,60,w
the cave,90,h
boston,90,t
thinking out loud,60,i
collide  acoustic version,60,i
come on get higher,60,i
you and me,60,y
youre beautiful,60,i
somewhere only we know,60,w
over my head cable car,60,y
wherever you will go,60,w
she will be loved  acoustic,60,w
trouble,90,t
your body is a wonderland,60,w
the blowers daughter,60,w
i will wait,60,w
better together,60,h
lucky,90,y
immortalized,60,i
come and get it,60,i
drop dead cynical,60,i
blood,90,d
when legends rise,60,w
the reckoning,60,i
black wedding feat rob halford,60,w
sham pain,60,i
here comes the boom,60,h
mantra,90,m
alone in a room,60,i
prey,90,y
1234,90,1
chaos and earthquakes,60,d
dumptruck,60,d
sleep walking elite,60,w
who do you trust,60,w
hereafter,60,h
the devils bleeding crown,60,w
all or nothing,60,i
animal,90,i
are you ready,60,y
monster,90,m
do you really want it,60,w
calm before the storm,60,h
rainier fog,60,i
the remedy,60,y
bad listener,60,i
over it,90,i
walk,90,w
infrared,90,i
risen,90,i
torn in two,60,w
devil,90,i
rats,90,t
broken heart,60,h
uncomfortable,60,c
instincts,60,i
broken,90,k
breaking skin,60,i
1000hp,90,h
thats my jam,60,y
wash it all away,60,w
absolute zero,60,t
the void,90,i
hardwired,60,w
shadows inside,60,w
hate me,90,h
halo,90,h
x,0,w
on my teeth,60,y
waking lions,60,w
judas,90,d
loneshark,60,h
raise your horns,60,i
remember we die,60,w
triggerpulse,60,i
dont need you  edit,60,i
psychosocial,60,i
looking down the barrel of today,60,w
paranoia,90,i
god damn,90,d
vice grip,60,i
let it burn,60,i
the end,90,d
happy song,60,y
fever,90,e
master groove,60,m
energy stay far away,60,w
kana,90,k
fake love feat duncan mighty  wizkid,60,w
soco feat wizkid ceeza milli spotless  terri,60,w
nowo,90,w
ma lo,90,m
manya,90,y
my love feat major lazer wizkid dua lipa,60,w
come closer,60,c
wine to the top,60,w
daddy yo,90,y
one dance,60,d
soweto baby feat wizkid  dj buckz,60,w
final baba nla,60,i
bend down pause,60,w
ojuelegba,60,u
in my bed,60,i
show you the money,60,w
on top your matter,60,y
ginger feat wizkid,60,w
pullover feat wizkid,60,w
jaiye jaiye feat femi kuti,60,i
caro feat lax,60,c
slow down feat wiz kid,60,w
the matter feat wizkid,60,w
dance for me,60,d
pakurumo,90,m
love my baby,60,y
tease me  bad guys,60,y
loyal,90,y
fakaza,90,k
monini,90,i
midnight starring,60,i
hurtin me  the remix,60,i
suited synx remixfeat mr eazi feat synx  mr eazi,60,i
make wild,60,w
ma lo,90,m
issa goal,60,i
legbegbe,90,e
daddy yo,90,y
pana,90,p
drogba joanna,60,d
skelewu,90,w
tied up,90,i
orkantbalance pon it,60,i
all my life,60,i
particula,60,i
my woman my everything feat wandecoal,60,w
spy candy,60,y
makhe,90,h
akwaaba,90,w
love you die feat diamond platnumz,60,i
jezebel main mix feat oskido,60,i
said coke studio africa,60,i
wololo,90,w
property,90,y
rock your body,60,y
shake body,60,y
ay mama,90,y
confession,60,i
leg over,90,e
been calling,60,i
science student,60,i
million pound girl badder than bad  edit,60,i
sunrise,90,i
tonight,90,i
take over,60,k
maga 2 mugu,60,m
prayer,90,y
mama,90,m
baba,90,b
club controller,60,c
cctv,90,c
trobul,90,t
fantasy,90,y
wine to the top,60,w
anticipation,60,i
shakara oloje,60,h
best life,60,i
079me,90,m
kana,90,k
assurance,60,c
one leg up,60,u
labyrinth,60,i
if,90,i
sgicha feat hhp,60,i
zombie,90,i
despacito x shape of you,60,i
party in the usa,60,i
waka waka,60,w
somebody that i used to know,60,w
attention,60,i
im yours  somewhere over the rainbow,60,w
kennedy center performance  from pitch perfect 2 soundtrack,60,i
send my love to your new lover,60,w
chandelier,60,i
any way you want it world championship medley  from pitch perfect 2 soundtrack,60,w
we belong  from pitch perfect 2 soundtrack,60,w
i knew you were trouble,60,w
back to basics  from pitch perfect 2 soundtrack,60,i
daft punk,60,d
riff off  from pitch perfect 2 soundtrack,60,i
feelin it,60,i
stars,90,t
dont stop believin glee cast version,60,i
riff off mickeylike a virginhit me with your best shotsmlet’s talk about sexi’ll make love to youfeels like the first timeno diggity,60,w
cant hold us,60,d
cups  movie version,60,i
i see fire,60,i
problem,90,m
hey soul sister,60,i
trebles finals bright lights bigger citymagic,60,i
remix to ignition,60,i
text me merry christmas feat kristen bell,60,i
wake me up,60,w
come sail away,60,w
right round,60,i
rhythm of love  cant help falling in love,60,i
radioactive,60,i
let it go,60,i
love the way you lie,60,w
landslide  studio version,60,i
game of thrones,60,h
misty mountains a cappella,60,i
sweet caroline,60,w
staceys mom,60,y
bellas finals price tagdon’t you forget about megive me everythingjust the way you areparty in the usaturn the beat around,60,w
fix you,90,i
if i were a boy,60,w
creep  studio version,60,i
bittersweet symphony  baba oriley  last friday night  hollaback girl,60,w
the final countdown,60,w
pumped up kicks,60,i
medley killer queen  bohemian rhapsody  somebody to love,60,i
bad romance,60,d
before he cheats,60,h
cruise,90,i
ring of fire,60,i
halo,90,h
fk you,90,y
dont stop the music,60,i
grace kelly  studio version,60,i
apunk,90,k
wavin flag,60,w
livin on a prayer,60,i
showoff,90,w
change,90,h
everybody but you,60,y
shapeshifter feat locksmith  illmaculate,60,i
black magic,60,i
clark griswold,60,w
lead the way,60,w
open road,60,d
thank the lord,60,d
divided,90,i
caution,90,i
blessings,60,i
best years,60,y
9 times out of 10,60,i
taste,90,t
magic,90,i
sight,90,i
on the road,60,d
no time,90,i
masseuse,90,m
luv,90,u
the come down was real,60,w
problems,90,m
nothing to me,60,i
revelations,60,i
a to z,90,t
let me down feat george maple,60,w
i miss you,60,i
bless what its like,60,w
no sofas,90,s
suffer in silence,60,i
lost at heart,60,h
all three eyes,60,y
wonderland,60,w
fuego,90,u
deserve,90,d
bandit,90,i
time,90,i
facts,90,c
switch up,60,w
sobriety,90,i
beat drop,60,d
jonah,90,h
wont be long,60,w
records,90,d
black future,60,c
falling from the sky,60,i
promised land,60,i
make money not friends,60,i
too far gone,60,t
crazy in love,60,i
in da club,60,i
lose yourself  from 8 mile soundtrack,60,i
back to black,60,c
sexyback,90,y
hips dont lie,60,i
crazy,90,y
party in the usa,60,i
toxic,90,i
hey ya  radio mix  club mix,60,i
yeah,90,y
where is the love,60,w
tik tok,90,i
dont cha,90,d
dont stop the music,60,i
poker face,60,c
irreplaceable,60,i
i gotta feeling,60,i
i kissed a girl,60,i
911,90,9
gold digger,60,i
hit em up style oops,60,i
survivor,90,i
this love,60,i
im yours,90,i
no air feat chris brown,60,w
apologize,60,i
dilemma,90,i
make you feel my love,60,y
u remind me,60,i
hollaback girl,60,i
young folks,60,y
bye bye bye,60,y
every time we touch,60,w
umbrella,90,m
drop it like its hot,60,i
ordinary people,60,i
one more time  short radio edit,60,i
kids,90,i
maria maria feat the product gb  radio edit,60,i
with every heartbeat  with kleerup,60,w
single ladies put a ring on it,60,i
she will be loved,60,w
unwritten,60,w
complicated,60,i
it wasnt me,60,w
bootylicious,60,i
oopsi did it again,60,i
since u been gone,60,i
sex on fire,60,i
white flag,60,w
the scientist,60,i
4 minutes feat justin timberlake  timbaland,60,i
one two step,60,w
halo,90,h
whenever wherever,60,w
love song,60,s
love story,60,y
marry you,60,y
beautiful,60,i
cry me a river,60,i
rock your body,60,y
because of you,60,y
bad romance,60,d
murder on the dancefloor,60,d
so what,90,w
mr brightside,60,i
viva la vida,60,i
intro,90,i
bleeding love,60,i
fk you,90,y
ms jackson,60,c
just the way you are,60,w
when love takes over feat kelly rowland,60,w
little l,90,i
i know you want me calle ocho,60,w
get busy,90,y
seven nation army,60,i
raise your glass,60,i
a thousand miles  single version,60,i
so sick,90,i
hey soul sister,60,i
cant get you out of my head,60,y
snow hey oh,60,w
mercy,90,y
i write sins not tragedies,60,w
how you remind me,60,w
fireflies,60,i
breakeven,60,k
dont know why,60,w
breathless,60,h
wherever you will go,60,w
get ur freak on,60,k
dirrty,90,i
lady  hear me tonight,60,i
youve got the love,60,y
call on me  radio edit,60,i
hot n cold,60,d
all rise,90,i
7 days,90,y
the wanderer,60,w
johnny b goode  single version,60,i
good golly miss molly,60,i
thatll be the day,60,y
shake rattle and roll,60,d
at the hop,60,h
aint that a shame,60,i
jailhouse rock,60,i
under the boardwalk,60,w
runaround sue  remastered 1991,60,d
roll over beethoven  single version,60,i
a teenager in love,60,i
come on lets go,60,c
were gonna rock around the clock  single version,60,w
hound dog,60,d
ive got a woman,60,w
long tall sally,60,y
rockin robin,60,i
i walk the line  single version,60,w
dream lover,60,d
runaway  2004 remastered version,60,w
diana,90,i
great balls of fire  1963 stereo version,60,i
take good care of my baby  1990 remastered,60,y
the great pretender  single version,60,i
shout,90,h
tequila original,60,i
stupid cupid,60,i
oh carol,90,h
why do fools fall in love,60,w
la bamba  single version,60,i
come go with me,60,w
since i dont have you,60,i
whole lot of shakin going on,60,w
folsom prison blues,60,i
cmon everybody,60,y
love potion no 9,60,i
reet petite,60,i
you send me,60,y
summertime blues,60,i
little darlin  single version,60,i
sixteen tons,60,i
tutti frutti,60,i
wake up little susie  2006 remastered version,60,w
blueberry hill  remastered 2002,60,i
book of love  single version,60,i
ive got you under my skin  remastered 1998,60,i
thats amore  1996 digital remaster,60,i
barbaraann,60,r
lonely teardrops,60,y
my baby just cares for me,60,y
mess around,60,d
goodnite its time to go goodnight sweetheart goodnight,60,w
see see rider,60,i
shakin all over  2004 remastered version,60,i
hello mary lou goodbye heart,60,y
get a job,60,t
bye bye love,60,y
see you later alligator,60,i
youre sixteenyourre beautiful and youre mine  single version,60,i
fannie mae,60,i
bebopalula,60,u
king creole,60,i
peppermint twist part i,60,w
smoke gets in your eyes  single version,60,i
who put the bomp in the bomp bomp bomp  2004 remastered version,60,w
peggy sue  single version,60,i
jambalaya on the bayou,60,y
ya ya,90,y
to the aisle,60,i
party doll  mono,60,y
buona sera  remastered 2002,60,d
mary lou,90,y
hell have to go,60,h
tennessee waltz,60,w
brown eyed girl,60,w
aint no mountain high enough,60,i
i can’t get no satisfaction  mono  remastered,60,i
california dreamin  single version,60,i
all along the watchtower,60,w
the house of the rising sun,60,i
my girl,90,i
your love keeps lifting me higher  higher,60,i
build me up buttercup,60,i
the sound of silence,60,i
im a believer,60,i
sugar sugar,60,s
be my baby,60,y
hit the road jack,60,i
come together  remastered,60,d
down on the corner,60,w
will you love me tomorrow,60,w
stand by me,60,y
fortunate son,60,t
what a wonderful world  remastered,60,w
mrs robinson,60,i
surfin usa  remastered,60,i
wouldnt it be nice  stereo mix,60,w
these boots are made for walkin,60,w
unchained melody,60,i
sherry,90,y
son of a preacher man,60,h
you cant hurry love,60,y
hold on im comin,60,i
i heard it through the grapevine,60,i
time of the season mono version,60,i
oh pretty woman,60,w
i say a little prayer,60,i
sweet caroline,60,w
gimme some lovin  single mix,60,i
what becomes of the brokenhearted,60,w
rescue me  single version,60,i
for what its worth,60,w
good vibrations  remastered,60,i
the lion sleeps tonight wimoweh,60,w
san francisco be sure to wear flowers in your hair  single version,60,w
cant take my eyes off you,60,y
you never can tell,60,y
do you love me  mono,60,y
what a wonderful world,60,w
all i have to do is dream  2006 remastered version,60,i
please mr postman,60,m
for once in my life,60,i
sunny,90,y
think,90,i
this old heart of mine is weak for you,60,w
bring it on home to me  remastered,60,i
a whiter shade of pale,60,w
i got you babe  lpsingle version,60,i
come see about me  stereo version,60,i
folsom prison blues  mono version,60,i
somethin stupid,60,i
while my guitar gently weeps  remastered,60,w
the sun aint gonna shine anymore  stereo version,60,i
fly me to the moon  remastered 2008,60,y
chapel of love,60,h
everybodys talkin  from midnight cowboy,60,w
sunny afternoon,60,y
everybody needs somebody to love  mono  remastered  version 2,60,i
everlasting love,60,i
a day in the life  remastered,60,i
raindrops keep fallin on my head  from butch cassidy and the sundance kid soundtrack,60,i
stuck on you,60,y
pinball wizard,60,w
sweets for my sweet,60,w
dont let me be misunderstood,60,i
riders on the storm,60,i
piece of my heart,60,i
where do you go to my lovely,60,w
the letter,60,h
like a rolling stone,60,i
light my fire,60,i
to love somebody,60,y
he aint heavy hes my brother,60,i
dont worry baby  remastered 2001,60,w
bad moon rising,60,i
mr tambourine man,60,i
what the world needs now is love,60,w
love child,60,i
i want to hold your hand  remastered 2015,60,w
a hard rains agonna fall,60,i
didnt i blow your mind this time,60,w
space oddity  2015 remastered version,60,i
the weight  remastered,60,w
suite judy blue eyes  remastered,60,i
sunshine of your love,60,i
house of the rising sun,60,i
respect,90,c
lay lady lay,60,y
sealed with a kiss,60,w
bohemian rhapsody  remastered 2011,60,i
have you ever seen the rain,60,i
is this love,60,i
dont go breaking my heart,60,i
hold the line,60,i
september,60,m
hotel california  remastered,60,i
the chain  2004 remastered edition,60,i
superstition  single version,60,i
sultans of swing,60,w
rocket man i think its going to be a long long time,60,i
dont stop me now  remastered,60,w
daddy cool,60,y
its a heartache,60,i
aint no sunshine,60,i
rich girl  remastered,60,i
sweet home alabama,60,w
go your own way,60,w
roxanne  remastered 2003,60,d
the logical song  remastered 2010,60,i
spirit in the sky,60,i
we are the champions  remastered 2011,60,w
another brick in the wall pt 2  2011 remastered version,60,w
dreams,90,d
mrs robinson,60,i
lady marmalade,60,y
video killed the radio star  single version,60,i
listen to the music,60,i
mr blue sky,60,y
dancing queen,60,i
kung fu fighting,60,i
i was made for lovin you,60,w
more than a feeling,60,i
piano man,60,i
bennie and the jets  remastered 2014,60,i
boogie wonderland,60,w
le freak,90,k
carry on wayward son,60,w
a horse with no name,60,w
if you leave me now  remastered,60,w
im every woman,60,w
easy,90,y
grease  from “grease” original motion picture soundtrack,60,i
my sweet lord,60,w
beast of burden  remastered,60,d
stuck in the middle with you  remastered,60,w
take it easy  remastered,60,i
blinded by the light single edit,60,i
stairway to heaven,60,w
youre so vain,60,i
here comes the sun  live in japan1991remastered 2004,60,i
let your love flow,60,w
dont stop til you get enough  single version,60,i
imagine  remastered 2010,60,i
tnt,90,t
starman  2012 remastered version,60,i
message in a bottle  remastered 2003,60,i
give a little bit,60,i
miss you  remastered,60,i
hot stuff,60,h
the boys are back in town,60,w
black magic woman,60,w
american pie,60,i
cocaine,90,i
heroes  single version 2014 remastered version,60,i
it never rains in southern california,60,i
stayin alive  2007 remastered version saturday night fever,60,i
come and get your love,60,y
ziggy stardust  2012 remastered version,60,i
ymca  original version 1978,60,i
lean on me,60,m
life on mars  2015 remastered version,60,i
layla,90,y
maybe i’m amazed  remastered 2011,60,i
saturday night’s alright for fighting  remastered 2014,60,i
if i cant have you  from saturday night fever,60,i
sunny,90,y
the passenger,60,h
rocket man i think its going to be a long long time,60,i
band on the run  remastered 2010,60,d
young americans  2016 remastered version,60,i
you make me feel like dancing  remastered,60,i
dont go breaking my heart,60,i
maggie may,60,i
cant get enough of your love babe,60,y
dreadlock holiday,60,i
long train runnin,60,i
take the long way home  2010 remastered,60,w
whats going on,60,w
strawberry letter 23,60,w
bat out of hell,60,h
youre the first the last my everything,60,i
dont stop,60,d
jolene,90,e
my sharona,60,y
dont fear the reaper,60,d
africa,90,i
maneater  radio edit,60,i
maniac,90,i
take on me,60,m
